{"cameraMode":{"drawMode":0,"name":"Shaded","section":"Shading Mode"},"sceneLighting":true,"audioPlay":false,"sceneViewState":{"showFog":true,"showMaterialUpdate":false,"showSkybox":true,"showFlares":true,"showImageEffects":true,"showParticleSystems":true},"in2DMode":false,"pivot":{"x":2.7475953102111818,"y":7.771244049072266,"z":-10.084144592285157},"rotation":{"x":0.2926902174949646,"y":-0.04765205457806587,"z":0.01539242547005415,"w":0.9554045796394348},"size":4.06229829788208,"orthographic":false}