{"cameraMode":{"drawMode":0,"name":"Shaded","section":"Shading Mode"},"sceneLighting":true,"audioPlay":false,"sceneViewState":{"showFog":false,"showMaterialUpdate":true,"showSkybox":true,"showFlares":true,"showImageEffects":true,"showParticleSystems":true},"in2DMode":false,"pivot":{"x":226.1680908203125,"y":64.62290954589844,"z":234.44847106933595},"rotation":{"x":0.3337056636810303,"y":-0.32140135765075686,"z":0.1221892237663269,"w":0.8777397274971008},"size":52.258155822753909,"orthographic":false}