{"cameraMode":{"drawMode":0,"name":"Shaded","section":"Shading Mode"},"sceneLighting":false,"audioPlay":false,"sceneViewState":{"showFog":false,"showMaterialUpdate":true,"showSkybox":false,"showFlares":true,"showImageEffects":true,"showParticleSystems":true},"in2DMode":false,"pivot":{"x":-10.328712463378907,"y":10.614448547363282,"z":-5.678627014160156},"rotation":{"x":-0.18324734270572663,"y":-0.44584113359451296,"z":0.0937652438879013,"w":-0.8712127804756165},"size":78.46709442138672,"orthographic":false}