{"cameraMode":{"drawMode":0,"name":"Shaded","section":"Shading Mode"},"sceneLighting":false,"audioPlay":false,"sceneViewState":{"showFog":true,"showMaterialUpdate":false,"showSkybox":true,"showFlares":true,"showImageEffects":true,"showParticleSystems":true},"in2DMode":false,"pivot":{"x":186.4379425048828,"y":14.209527015686036,"z":268.5036926269531},"rotation":{"x":-0.16613823175430299,"y":0.683636486530304,"z":-0.16426405310630799,"w":-0.6914346218109131},"size":22.458940505981447,"orthographic":false}