{"cameraMode":{"drawMode":0,"name":"Shaded","section":"Shading Mode"},"sceneLighting":true,"audioPlay":false,"sceneViewState":{"showFog":true,"showMaterialUpdate":false,"showSkybox":true,"showFlares":true,"showImageEffects":true,"showParticleSystems":true},"in2DMode":false,"pivot":{"x":22.432043075561525,"y":-2.2520182132720949,"z":-7.610922336578369},"rotation":{"x":0.02447904273867607,"y":0.9596322178840637,"z":-0.26590585708618166,"w":0.08834365010261536},"size":20.33302116394043,"orthographic":false}